<?xml version="1.0" encoding="utf-8"?>
<cGenericAudioControl>
	<Element>
		<Value>
			<Attribute name="ProxyControlRevision">
				<kLoud-cProxyControl-eProxyControlRevision>
					<Element>
						<Value>eVersion2</Value>
					</Element>
				</kLoud-cProxyControl-eProxyControlRevision>
			</Attribute>
			<Attribute name="ActivationDistance">
				<sFloat32>
					<Element>
						<Value>600</Value>
					</Element>
				</sFloat32>
			</Attribute>
			<Attribute name="Sound">
				<__Indexed__kLoud-cSound>
					<Element>
						<Value>
							<kLoud-cSingleSampleSound>
								<Element>
									<Value>
										<Attribute name="Name">
											<cDeltaString>
												<Element>
													<Value>Speed High</Value>
												</Element>
											</cDeltaString>
										</Attribute>
										<Attribute name="IsLooped">
											<bool>
												<Element>
													<Value>1</Value>
												</Element>
											</bool>
										</Attribute>
										<Attribute name="Priority">
											<sUInt32>
												<Element>
													<Value>100</Value>
												</Element>
											</sUInt32>
										</Attribute>
										<Attribute name="BaseVolume">
											<sFloat32>
												<Element>
													<Value>1</Value>
												</Element>
											</sFloat32>
										</Attribute>
										<Attribute name="VolumeVariation">
											<sFloat32>
												<Element>
													<Value>0</Value>
												</Element>
											</sFloat32>
										</Attribute>
										<Attribute name="BasePitchShift">
											<sFloat32>
												<Element>
													<Value>1</Value>
												</Element>
											</sFloat32>
										</Attribute>
										<Attribute name="PitchShiftVariation">
											<sFloat32>
												<Element>
													<Value>0</Value>
												</Element>
											</sFloat32>
										</Attribute>
										<Attribute name="AttenuationStartDist">
											<sFloat32>
												<Element>
													<Value>30</Value>
												</Element>
											</sFloat32>
										</Attribute>
										<Attribute name="NoFutherAttenuationDist">
											<sFloat32>
												<Element>
													<Value>600</Value>
												</Element>
											</sFloat32>
										</Attribute>
										<Attribute name="InstanceGroup">
											<kLoud-cInstanceGroup>
												<Element>
													<Value>
														<Attribute name="Name">
															<cDeltaString>
																<Element>
																	<Value>Rumble</Value>
																</Element>
															</cDeltaString>
														</Attribute>
													</Value>
												</Element>
											</kLoud-cInstanceGroup>
										</Attribute>
										<Attribute name="Sample">
											<kLoud-cSampleID>
												<Element>
													<Value>
														<Attribute name="Filename">
															<cDeltaString>
																<Element>
																	<Value>Sons\Rumble High Concrete.wav</Value>
																</Element>
															</cDeltaString>
														</Attribute>
													</Value>
												</Element>
											</kLoud-cSampleID>
										</Attribute>
									</Value>
								</Element>
							</kLoud-cSingleSampleSound>
							<kLoud-cSingleSampleSound>
								<Element>
									<Value>
										<Attribute name="Name">
											<cDeltaString>
												<Element>
													<Value>Speed Med</Value>
												</Element>
											</cDeltaString>
										</Attribute>
										<Attribute name="IsLooped">
											<bool>
												<Element>
													<Value>1</Value>
												</Element>
											</bool>
										</Attribute>
										<Attribute name="Priority">
											<sUInt32>
												<Element>
													<Value>100</Value>
												</Element>
											</sUInt32>
										</Attribute>
										<Attribute name="BaseVolume">
											<sFloat32>
												<Element>
													<Value>1</Value>
												</Element>
											</sFloat32>
										</Attribute>
										<Attribute name="VolumeVariation">
											<sFloat32>
												<Element>
													<Value>0</Value>
												</Element>
											</sFloat32>
										</Attribute>
										<Attribute name="BasePitchShift">
											<sFloat32>
												<Element>
													<Value>1</Value>
												</Element>
											</sFloat32>
										</Attribute>
										<Attribute name="PitchShiftVariation">
											<sFloat32>
												<Element>
													<Value>0</Value>
												</Element>
											</sFloat32>
										</Attribute>
										<Attribute name="AttenuationStartDist">
											<sFloat32>
												<Element>
													<Value>30</Value>
												</Element>
											</sFloat32>
										</Attribute>
										<Attribute name="NoFutherAttenuationDist">
											<sFloat32>
												<Element>
													<Value>600</Value>
												</Element>
											</sFloat32>
										</Attribute>
										<Attribute name="InstanceGroup">
											<kLoud-cInstanceGroup>
												<Element>
													<Value>
														<Attribute name="Name">
															<cDeltaString>
																<Element>
																	<Value>Rumble</Value>
																</Element>
															</cDeltaString>
														</Attribute>
													</Value>
												</Element>
											</kLoud-cInstanceGroup>
										</Attribute>
										<Attribute name="Sample">
											<kLoud-cSampleID>
												<Element>
													<Value>
														<Attribute name="Filename">
															<cDeltaString>
																<Element>
																	<Value>Sons\Rumble Medium Concrete.wav</Value>
																</Element>
															</cDeltaString>
														</Attribute>
													</Value>
												</Element>
											</kLoud-cSampleID>
										</Attribute>
									</Value>
								</Element>
							</kLoud-cSingleSampleSound>
							<kLoud-cSingleSampleSound>
								<Element>
									<Value>
										<Attribute name="Name">
											<cDeltaString>
												<Element>
													<Value>Speed Low</Value>
												</Element>
											</cDeltaString>
										</Attribute>
										<Attribute name="IsLooped">
											<bool>
												<Element>
													<Value>1</Value>
												</Element>
											</bool>
										</Attribute>
										<Attribute name="Priority">
											<sUInt32>
												<Element>
													<Value>100</Value>
												</Element>
											</sUInt32>
										</Attribute>
										<Attribute name="BaseVolume">
											<sFloat32>
												<Element>
													<Value>1</Value>
												</Element>
											</sFloat32>
										</Attribute>
										<Attribute name="VolumeVariation">
											<sFloat32>
												<Element>
													<Value>0</Value>
												</Element>
											</sFloat32>
										</Attribute>
										<Attribute name="BasePitchShift">
											<sFloat32>
												<Element>
													<Value>1</Value>
												</Element>
											</sFloat32>
										</Attribute>
										<Attribute name="PitchShiftVariation">
											<sFloat32>
												<Element>
													<Value>0</Value>
												</Element>
											</sFloat32>
										</Attribute>
										<Attribute name="AttenuationStartDist">
											<sFloat32>
												<Element>
													<Value>30</Value>
												</Element>
											</sFloat32>
										</Attribute>
										<Attribute name="NoFutherAttenuationDist">
											<sFloat32>
												<Element>
													<Value>600</Value>
												</Element>
											</sFloat32>
										</Attribute>
										<Attribute name="InstanceGroup">
											<kLoud-cInstanceGroup>
												<Element>
													<Value>
														<Attribute name="Name">
															<cDeltaString>
																<Element>
																	<Value>Rumble</Value>
																</Element>
															</cDeltaString>
														</Attribute>
													</Value>
												</Element>
											</kLoud-cInstanceGroup>
										</Attribute>
										<Attribute name="Sample">
											<kLoud-cSampleID>
												<Element>
													<Value>
														<Attribute name="Filename">
															<cDeltaString>
																<Element>
																	<Value>Sons\Rumble Low Concrete.wav</Value>
																</Element>
															</cDeltaString>
														</Attribute>
													</Value>
												</Element>
											</kLoud-cSampleID>
										</Attribute>
									</Value>
								</Element>
							</kLoud-cSingleSampleSound>
							<kLoud-cRandomSampleSound>
								<Element>
									<Value>
										<Attribute name="Name">
											<cDeltaString>
												<Element>
													<Value>Joint</Value>
												</Element>
											</cDeltaString>
										</Attribute>
										<Attribute name="IsLooped">
											<bool>
												<Element>
													<Value>0</Value>
												</Element>
											</bool>
										</Attribute>
										<Attribute name="Priority">
											<sUInt32>
												<Element>
													<Value>100</Value>
												</Element>
											</sUInt32>
										</Attribute>
										<Attribute name="BaseVolume">
											<sFloat32>
												<Element>
													<Value>1</Value>
												</Element>
											</sFloat32>
										</Attribute>
										<Attribute name="VolumeVariation">
											<sFloat32>
												<Element>
													<Value>0</Value>
												</Element>
											</sFloat32>
										</Attribute>
										<Attribute name="BasePitchShift">
											<sFloat32>
												<Element>
													<Value>1</Value>
												</Element>
											</sFloat32>
										</Attribute>
										<Attribute name="PitchShiftVariation">
											<sFloat32>
												<Element>
													<Value>0</Value>
												</Element>
											</sFloat32>
										</Attribute>
										<Attribute name="AttenuationStartDist">
											<sFloat32>
												<Element>
													<Value>20</Value>
												</Element>
											</sFloat32>
										</Attribute>
										<Attribute name="NoFutherAttenuationDist">
											<sFloat32>
												<Element>
													<Value>500</Value>
												</Element>
											</sFloat32>
										</Attribute>
										<Attribute name="InstanceGroup">
											<kLoud-cInstanceGroup>
												<Element>
													<Value>
														<Attribute name="Name">
															<cDeltaString>
																<Element>
																	<Value />
																</Element>
															</cDeltaString>
														</Attribute>
													</Value>
												</Element>
											</kLoud-cInstanceGroup>
										</Attribute>
										<Attribute name="Sample">
											<__Indexed__kLoud-cSampleWithLikelihood>
												<Element>
													<Value>
														<kLoud-cSampleWithLikelihood>
															<Element>
																<Value>
																	<Attribute name="Likelihood">
																		<sFloat32>
																			<Element>
																				<Value>1</Value>
																			</Element>
																		</sFloat32>
																	</Attribute>
																	<Attribute name="Sample">
																		<kLoud-cSampleID>
																			<Element>
																				<Value>
																					<Attribute name="Filename">
																						<cDeltaString>
																							<Element>
																								<Value>Sons\tim3.wav</Value>
																							</Element>
																						</cDeltaString>
																					</Attribute>
																				</Value>
																			</Element>
																		</kLoud-cSampleID>
																	</Attribute>
																</Value>
															</Element>
														</kLoud-cSampleWithLikelihood>
													</Value>
												</Element>
											</__Indexed__kLoud-cSampleWithLikelihood>
										</Attribute>
									</Value>
								</Element>
							</kLoud-cRandomSampleSound>
							<kLoud-cSingleSampleSound>
								<Element>
									<Value>
										<Attribute name="Name">
											<cDeltaString>
												<Element>
													<Value>Flange</Value>
												</Element>
											</cDeltaString>
										</Attribute>
										<Attribute name="IsLooped">
											<bool>
												<Element>
													<Value>1</Value>
												</Element>
											</bool>
										</Attribute>
										<Attribute name="Priority">
											<sUInt32>
												<Element>
													<Value>50</Value>
												</Element>
											</sUInt32>
										</Attribute>
										<Attribute name="BaseVolume">
											<sFloat32>
												<Element>
													<Value>1</Value>
												</Element>
											</sFloat32>
										</Attribute>
										<Attribute name="VolumeVariation">
											<sFloat32>
												<Element>
													<Value>0</Value>
												</Element>
											</sFloat32>
										</Attribute>
										<Attribute name="BasePitchShift">
											<sFloat32>
												<Element>
													<Value>1</Value>
												</Element>
											</sFloat32>
										</Attribute>
										<Attribute name="PitchShiftVariation">
											<sFloat32>
												<Element>
													<Value>0.05</Value>
												</Element>
											</sFloat32>
										</Attribute>
										<Attribute name="AttenuationStartDist">
											<sFloat32>
												<Element>
													<Value>50</Value>
												</Element>
											</sFloat32>
										</Attribute>
										<Attribute name="NoFutherAttenuationDist">
											<sFloat32>
												<Element>
													<Value>300</Value>
												</Element>
											</sFloat32>
										</Attribute>
										<Attribute name="InstanceGroup">
											<kLoud-cInstanceGroup>
												<Element>
													<Value>
														<Attribute name="Name">
															<cDeltaString>
																<Element>
																	<Value />
																</Element>
															</cDeltaString>
														</Attribute>
													</Value>
												</Element>
											</kLoud-cInstanceGroup>
										</Attribute>
										<Attribute name="Sample">
											<kLoud-cSampleID>
												<Element>
													<Value>
														<Attribute name="Filename">
															<cDeltaString>
																<Element>
																	<Value>Sons\flangesqueal1.wav</Value>
																</Element>
															</cDeltaString>
														</Attribute>
													</Value>
												</Element>
											</kLoud-cSampleID>
										</Attribute>
									</Value>
								</Element>
							</kLoud-cSingleSampleSound>
						</Value>
					</Element>
				</__Indexed__kLoud-cSound>
			</Attribute>
			<Attribute name="Curve">
				<__Indexed__kLoud-cCurve>
					<Element>
						<Value>
							<kLoud-cCurve>
								<Element>
									<Value>
										<Attribute name="Name">
											<cDeltaString>
												<Element>
													<Value>FlangeSpeed</Value>
												</Element>
											</cDeltaString>
										</Attribute>
										<Attribute name="CurvePoint">
											<__Indexed__kLoud-cRVector2>
												<Element>
													<Value>
														<kLoud-cRVector2>
															<Element>
																<Value>
																	<Attribute name="X">
																		<sFloat32>
																			<Element>
																				<Value>16</Value>
																			</Element>
																		</sFloat32>
																	</Attribute>
																	<Attribute name="Y">
																		<sFloat32>
																			<Element>
																				<Value>0</Value>
																			</Element>
																		</sFloat32>
																	</Attribute>
																</Value>
															</Element>
														</kLoud-cRVector2>
														<kLoud-cRVector2>
															<Element>
																<Value>
																	<Attribute name="X">
																		<sFloat32>
																			<Element>
																				<Value>17</Value>
																			</Element>
																		</sFloat32>
																	</Attribute>
																	<Attribute name="Y">
																		<sFloat32>
																			<Element>
																				<Value>4</Value>
																			</Element>
																		</sFloat32>
																	</Attribute>
																</Value>
															</Element>
														</kLoud-cRVector2>
														<kLoud-cRVector2>
															<Element>
																<Value>
																	<Attribute name="X">
																		<sFloat32>
																			<Element>
																				<Value>40</Value>
																			</Element>
																		</sFloat32>
																	</Attribute>
																	<Attribute name="Y">
																		<sFloat32>
																			<Element>
																				<Value>1</Value>
																			</Element>
																		</sFloat32>
																	</Attribute>
																</Value>
															</Element>
														</kLoud-cRVector2>
													</Value>
												</Element>
											</__Indexed__kLoud-cRVector2>
										</Attribute>
									</Value>
								</Element>
							</kLoud-cCurve>
							<kLoud-cCurve>
								<Element>
									<Value>
										<Attribute name="Name">
											<cDeltaString>
												<Element>
													<Value>FlangeCurve</Value>
												</Element>
											</cDeltaString>
										</Attribute>
										<Attribute name="CurvePoint">
											<__Indexed__kLoud-cRVector2>
												<Element>
													<Value>
														<kLoud-cRVector2>
															<Element>
																<Value>
																	<Attribute name="X">
																		<sFloat32>
																			<Element>
																				<Value>1</Value>
																			</Element>
																		</sFloat32>
																	</Attribute>
																	<Attribute name="Y">
																		<sFloat32>
																			<Element>
																				<Value>0</Value>
																			</Element>
																		</sFloat32>
																	</Attribute>
																</Value>
															</Element>
														</kLoud-cRVector2>
														<kLoud-cRVector2>
															<Element>
																<Value>
																	<Attribute name="X">
																		<sFloat32>
																			<Element>
																				<Value>6</Value>
																			</Element>
																		</sFloat32>
																	</Attribute>
																	<Attribute name="Y">
																		<sFloat32>
																			<Element>
																				<Value>1</Value>
																			</Element>
																		</sFloat32>
																	</Attribute>
																</Value>
															</Element>
														</kLoud-cRVector2>
													</Value>
												</Element>
											</__Indexed__kLoud-cRVector2>
										</Attribute>
									</Value>
								</Element>
							</kLoud-cCurve>
						</Value>
					</Element>
				</__Indexed__kLoud-cCurve>
			</Attribute>
			<Attribute name="ModifierChain">
				<__Indexed__kLoud-cModifierChain>
					<Element>
						<Value>
							<kLoud-cModifierChain>
								<Element>
									<Value>
										<Attribute name="Name">
											<cDeltaString>
												<Element>
													<Value>Flange</Value>
												</Element>
											</cDeltaString>
										</Attribute>
										<Attribute name="Modifier">
											<__Indexed__kLoud-cModifier>
												<Element>
													<Value>
														<kLoud-cVolumeCurveModifier>
															<Element>
																<Value>
																	<Attribute name="ControllerIsGlobal">
																		<bool>
																			<Element>
																				<Value>0</Value>
																			</Element>
																		</bool>
																	</Attribute>
																	<Attribute name="ControllerName">
																		<cDeltaString>
																			<Element>
																				<Value>AbsoluteSpeed</Value>
																			</Element>
																		</cDeltaString>
																	</Attribute>
																	<Attribute name="Curve">
																		<kLoud-cCurve>
																			<Element>
																				<Value>
																					<Attribute name="Name">
																						<cDeltaString>
																							<Element>
																								<Value>FlangeSpeed</Value>
																							</Element>
																						</cDeltaString>
																					</Attribute>
																				</Value>
																			</Element>
																		</kLoud-cCurve>
																	</Attribute>
																</Value>
															</Element>
														</kLoud-cVolumeCurveModifier>
														<kLoud-cVolumeCurveModifier>
															<Element>
																<Value>
																	<Attribute name="ControllerIsGlobal">
																		<bool>
																			<Element>
																				<Value>0</Value>
																			</Element>
																		</bool>
																	</Attribute>
																	<Attribute name="ControllerName">
																		<cDeltaString>
																			<Element>
																				<Value>Curvature</Value>
																			</Element>
																		</cDeltaString>
																	</Attribute>
																	<Attribute name="Curve">
																		<kLoud-cCurve>
																			<Element>
																				<Value>
																					<Attribute name="Name">
																						<cDeltaString>
																							<Element>
																								<Value>FlangeCurve</Value>
																							</Element>
																						</cDeltaString>
																					</Attribute>
																				</Value>
																			</Element>
																		</kLoud-cCurve>
																	</Attribute>
																</Value>
															</Element>
														</kLoud-cVolumeCurveModifier>
													</Value>
												</Element>
											</__Indexed__kLoud-cModifier>
										</Attribute>
									</Value>
								</Element>
							</kLoud-cModifierChain>
						</Value>
					</Element>
				</__Indexed__kLoud-cModifierChain>
			</Attribute>
			<Attribute name="InstanceGroup">
				<__Indexed__kLoud-cInstanceGroup>
					<Element>
						<Value>
							<kLoud-cInstanceGroup>
								<Element>
									<Value>
										<Attribute name="Name">
											<cDeltaString>
												<Element>
													<Value>Rumble</Value>
												</Element>
											</cDeltaString>
										</Attribute>
										<Attribute name="MaximumNumberOfInstances">
											<sUInt32>
												<Element>
													<Value>1</Value>
												</Element>
											</sUInt32>
										</Attribute>
										<Attribute name="InstanceExceededAction">
											<kLoud-eInstanceExceededAction>
												<Element>
													<Value>StopOldest</Value>
												</Element>
											</kLoud-eInstanceExceededAction>
										</Attribute>
									</Value>
								</Element>
							</kLoud-cInstanceGroup>
						</Value>
					</Element>
				</__Indexed__kLoud-cInstanceGroup>
			</Attribute>
			<Attribute name="Loop">
				<__Indexed__kLoud-cControlledLoop>
					<Element>
						<Value>
							<kLoud-cControlledLoop>
								<Element>
									<Value>
										<Attribute name="PlayState">
											<ePlayState>
												<Element>
													<Value>BOTH</Value>
												</Element>
											</ePlayState>
										</Attribute>
										<Attribute name="Name">
											<cDeltaString>
												<Element>
													<Value>Rumble High</Value>
												</Element>
											</cDeltaString>
										</Attribute>
										<Attribute name="Sound">
											<kLoud-cSound>
												<Element>
													<Value>
														<Attribute name="Name">
															<cDeltaString>
																<Element>
																	<Value>Speed High</Value>
																</Element>
															</cDeltaString>
														</Attribute>
													</Value>
												</Element>
											</kLoud-cSound>
										</Attribute>
										<Attribute name="ModifierChain">
											<kLoud-cModifierChain>
												<Element>
													<Value>
														<Attribute name="Name">
															<cDeltaString>
																<Element>
																	<Value />
																</Element>
															</cDeltaString>
														</Attribute>
													</Value>
												</Element>
											</kLoud-cModifierChain>
										</Attribute>
										<Attribute name="ControllerName">
											<cDeltaString>
												<Element>
													<Value>AbsoluteSpeed</Value>
												</Element>
											</cDeltaString>
										</Attribute>
										<Attribute name="LoopCondition">
											<kLoud-cControlledLoop-eLoopCondition>
												<Element>
													<Value>ValueInRange</Value>
												</Element>
											</kLoud-cControlledLoop-eLoopCondition>
										</Attribute>
										<Attribute name="ActiveRangeStartValue">
											<sFloat32>
												<Element>
													<Value>27.8</Value>
												</Element>
											</sFloat32>
										</Attribute>
										<Attribute name="ActiveRangeEndValue">
											<sFloat32>
												<Element>
													<Value>83.3</Value>
												</Element>
											</sFloat32>
										</Attribute>
										<Attribute name="ValueIsChangingGateTime">
											<sFloat32>
												<Element>
													<Value>0</Value>
												</Element>
											</sFloat32>
										</Attribute>
										<Attribute name="InstanceGroup">
											<kLoud-cInstanceGroup>
												<Element>
													<Value>
														<Attribute name="Name">
															<cDeltaString>
																<Element>
																	<Value>Rumble</Value>
																</Element>
															</cDeltaString>
														</Attribute>
													</Value>
												</Element>
											</kLoud-cInstanceGroup>
										</Attribute>
									</Value>
								</Element>
							</kLoud-cControlledLoop>
							<kLoud-cControlledLoop>
								<Element>
									<Value>
										<Attribute name="PlayState">
											<ePlayState>
												<Element>
													<Value>BOTH</Value>
												</Element>
											</ePlayState>
										</Attribute>
										<Attribute name="Name">
											<cDeltaString>
												<Element>
													<Value>Rumble Med</Value>
												</Element>
											</cDeltaString>
										</Attribute>
										<Attribute name="Sound">
											<kLoud-cSound>
												<Element>
													<Value>
														<Attribute name="Name">
															<cDeltaString>
																<Element>
																	<Value>Speed Med</Value>
																</Element>
															</cDeltaString>
														</Attribute>
													</Value>
												</Element>
											</kLoud-cSound>
										</Attribute>
										<Attribute name="ModifierChain">
											<kLoud-cModifierChain>
												<Element>
													<Value>
														<Attribute name="Name">
															<cDeltaString>
																<Element>
																	<Value />
																</Element>
															</cDeltaString>
														</Attribute>
													</Value>
												</Element>
											</kLoud-cModifierChain>
										</Attribute>
										<Attribute name="ControllerName">
											<cDeltaString>
												<Element>
													<Value>AbsoluteSpeed</Value>
												</Element>
											</cDeltaString>
										</Attribute>
										<Attribute name="LoopCondition">
											<kLoud-cControlledLoop-eLoopCondition>
												<Element>
													<Value>ValueInRange</Value>
												</Element>
											</kLoud-cControlledLoop-eLoopCondition>
										</Attribute>
										<Attribute name="ActiveRangeStartValue">
											<sFloat32>
												<Element>
													<Value>11.5</Value>
												</Element>
											</sFloat32>
										</Attribute>
										<Attribute name="ActiveRangeEndValue">
											<sFloat32>
												<Element>
													<Value>30.5</Value>
												</Element>
											</sFloat32>
										</Attribute>
										<Attribute name="ValueIsChangingGateTime">
											<sFloat32>
												<Element>
													<Value>0</Value>
												</Element>
											</sFloat32>
										</Attribute>
										<Attribute name="InstanceGroup">
											<kLoud-cInstanceGroup>
												<Element>
													<Value>
														<Attribute name="Name">
															<cDeltaString>
																<Element>
																	<Value>Rumble</Value>
																</Element>
															</cDeltaString>
														</Attribute>
													</Value>
												</Element>
											</kLoud-cInstanceGroup>
										</Attribute>
									</Value>
								</Element>
							</kLoud-cControlledLoop>
							<kLoud-cControlledLoop>
								<Element>
									<Value>
										<Attribute name="PlayState">
											<ePlayState>
												<Element>
													<Value>BOTH</Value>
												</Element>
											</ePlayState>
										</Attribute>
										<Attribute name="Name">
											<cDeltaString>
												<Element>
													<Value>Rumble Low</Value>
												</Element>
											</cDeltaString>
										</Attribute>
										<Attribute name="Sound">
											<kLoud-cSound>
												<Element>
													<Value>
														<Attribute name="Name">
															<cDeltaString>
																<Element>
																	<Value>Speed Low</Value>
																</Element>
															</cDeltaString>
														</Attribute>
													</Value>
												</Element>
											</kLoud-cSound>
										</Attribute>
										<Attribute name="ModifierChain">
											<kLoud-cModifierChain>
												<Element>
													<Value>
														<Attribute name="Name">
															<cDeltaString>
																<Element>
																	<Value />
																</Element>
															</cDeltaString>
														</Attribute>
													</Value>
												</Element>
											</kLoud-cModifierChain>
										</Attribute>
										<Attribute name="ControllerName">
											<cDeltaString>
												<Element>
													<Value>AbsoluteSpeed</Value>
												</Element>
											</cDeltaString>
										</Attribute>
										<Attribute name="LoopCondition">
											<kLoud-cControlledLoop-eLoopCondition>
												<Element>
													<Value>ValueInRange</Value>
												</Element>
											</kLoud-cControlledLoop-eLoopCondition>
										</Attribute>
										<Attribute name="ActiveRangeStartValue">
											<sFloat32>
												<Element>
													<Value>1.4</Value>
												</Element>
											</sFloat32>
										</Attribute>
										<Attribute name="ActiveRangeEndValue">
											<sFloat32>
												<Element>
													<Value>12</Value>
												</Element>
											</sFloat32>
										</Attribute>
										<Attribute name="ValueIsChangingGateTime">
											<sFloat32>
												<Element>
													<Value>0</Value>
												</Element>
											</sFloat32>
										</Attribute>
										<Attribute name="InstanceGroup">
											<kLoud-cInstanceGroup>
												<Element>
													<Value>
														<Attribute name="Name">
															<cDeltaString>
																<Element>
																	<Value>Rumble</Value>
																</Element>
															</cDeltaString>
														</Attribute>
													</Value>
												</Element>
											</kLoud-cInstanceGroup>
										</Attribute>
									</Value>
								</Element>
							</kLoud-cControlledLoop>
							<kLoud-cControlledLoop>
								<Element>
									<Value>
										<Attribute name="PlayState">
											<ePlayState>
												<Element>
													<Value>BOTH</Value>
												</Element>
											</ePlayState>
										</Attribute>
										<Attribute name="Name">
											<cDeltaString>
												<Element>
													<Value>Flange</Value>
												</Element>
											</cDeltaString>
										</Attribute>
										<Attribute name="Sound">
											<kLoud-cSound>
												<Element>
													<Value>
														<Attribute name="Name">
															<cDeltaString>
																<Element>
																	<Value>Flange</Value>
																</Element>
															</cDeltaString>
														</Attribute>
													</Value>
												</Element>
											</kLoud-cSound>
										</Attribute>
										<Attribute name="ModifierChain">
											<kLoud-cModifierChain>
												<Element>
													<Value>
														<Attribute name="Name">
															<cDeltaString>
																<Element>
																	<Value>Flange</Value>
																</Element>
															</cDeltaString>
														</Attribute>
													</Value>
												</Element>
											</kLoud-cModifierChain>
										</Attribute>
										<Attribute name="ControllerName">
											<cDeltaString>
												<Element>
													<Value>Curvature</Value>
												</Element>
											</cDeltaString>
										</Attribute>
										<Attribute name="LoopCondition">
											<kLoud-cControlledLoop-eLoopCondition>
												<Element>
													<Value>ValueInRange</Value>
												</Element>
											</kLoud-cControlledLoop-eLoopCondition>
										</Attribute>
										<Attribute name="ActiveRangeStartValue">
											<sFloat32>
												<Element>
													<Value>1</Value>
												</Element>
											</sFloat32>
										</Attribute>
										<Attribute name="ActiveRangeEndValue">
											<sFloat32>
												<Element>
													<Value>1</Value>
												</Element>
											</sFloat32>
										</Attribute>
										<Attribute name="ValueIsChangingGateTime">
											<sFloat32>
												<Element>
													<Value>0</Value>
												</Element>
											</sFloat32>
										</Attribute>
										<Attribute name="InstanceGroup">
											<kLoud-cInstanceGroup>
												<Element>
													<Value>
														<Attribute name="Name">
															<cDeltaString>
																<Element>
																	<Value />
																</Element>
															</cDeltaString>
														</Attribute>
													</Value>
												</Element>
											</kLoud-cInstanceGroup>
										</Attribute>
									</Value>
								</Element>
							</kLoud-cControlledLoop>
						</Value>
					</Element>
				</__Indexed__kLoud-cControlledLoop>
			</Attribute>
			<Attribute name="Oneshot">
				<__Indexed__kLoud-cTriggeredOneshot>
					<Element>
						<Value>
							<kLoud-cTriggeredOneshot>
								<Element>
									<Value>
										<Attribute name="PlayState">
											<ePlayState>
												<Element>
													<Value>BOTH</Value>
												</Element>
											</ePlayState>
										</Attribute>
										<Attribute name="Name">
											<cDeltaString>
												<Element>
													<Value>Joint</Value>
												</Element>
											</cDeltaString>
										</Attribute>
										<Attribute name="Sound">
											<kLoud-cSound>
												<Element>
													<Value>
														<Attribute name="Name">
															<cDeltaString>
																<Element>
																	<Value>Joint</Value>
																</Element>
															</cDeltaString>
														</Attribute>
													</Value>
												</Element>
											</kLoud-cSound>
										</Attribute>
										<Attribute name="ModifierChain">
											<kLoud-cModifierChain>
												<Element>
													<Value>
														<Attribute name="Name">
															<cDeltaString>
																<Element>
																	<Value />
																</Element>
															</cDeltaString>
														</Attribute>
													</Value>
												</Element>
											</kLoud-cModifierChain>
										</Attribute>
										<Attribute name="ControllerName">
											<cDeltaString>
												<Element>
													<Value>JointCount</Value>
												</Element>
											</cDeltaString>
										</Attribute>
										<Attribute name="TriggerType">
											<kLoud-eTriggerType>
												<Element>
													<Value>ValueIsChanging</Value>
												</Element>
											</kLoud-eTriggerType>
										</Attribute>
										<Attribute name="TriggerValue">
											<sFloat32>
												<Element>
													<Value>0</Value>
												</Element>
											</sFloat32>
										</Attribute>
										<Attribute name="ValueIsChangingGateTime">
											<sFloat32>
												<Element>
													<Value>0</Value>
												</Element>
											</sFloat32>
										</Attribute>
										<Attribute name="InstanceGroup">
											<kLoud-cInstanceGroup>
												<Element>
													<Value>
														<Attribute name="Name">
															<cDeltaString>
																<Element>
																	<Value />
																</Element>
															</cDeltaString>
														</Attribute>
													</Value>
												</Element>
											</kLoud-cInstanceGroup>
										</Attribute>
									</Value>
								</Element>
							</kLoud-cTriggeredOneshot>
						</Value>
					</Element>
				</__Indexed__kLoud-cTriggeredOneshot>
			</Attribute>
		</Value>
	</Element>
</cGenericAudioControl>